2016-10-14 09:14:59.918000,2322.0,2322.0
2016-10-14 09:15:02.006000,1485.0,1485.0
2016-10-14 09:15:02.891000,647.75,647.75
2016-10-14 09:16:03.666000,2302.6,2302.6
2016-10-14 09:16:04.001000,1483.25,1483.25
2016-10-14 09:16:04.355000,649.25,649.25
2016-10-14 09:17:04.757000,2317.9,2317.9
2016-10-14 09:17:05.439000,1480.0,1480.0
2016-10-14 09:17:05.891000,649.0,649.0
2016-10-14 09:18:06.432000,2325.0,2325.0
2016-10-14 09:18:06.885000,1480.0,1480.0
2016-10-14 09:18:07.366000,649.0,649.0
2016-10-14 09:19:08.426000,2325.0,2325.0
2016-10-14 09:19:08.870000,1475.0,1475.0
2016-10-14 09:19:09.974000,649.0,649.0
2016-10-14 09:20:11.587000,2323.95,2323.95
2016-10-14 09:20:12.042000,1472.0,1472.0
2016-10-14 09:20:12.378000,648.45,648.45
2016-10-14 09:21:13.215000,2323.55,2323.55
2016-10-14 09:21:14.214000,1470.0,1470.0
2016-10-14 09:21:14.769000,648.45,648.45
2016-10-14 09:22:16.058000,2324.7,2324.7
2016-10-14 09:22:16.833000,1470.0,1470.0
2016-10-14 09:22:20.250000,648.45,648.45
2016-10-14 09:23:20.693000,2324.0,2324.0
2016-10-14 09:23:21.180000,1465.0,1465.0
2016-10-14 09:23:21.552000,648.45,648.45
2016-10-14 09:24:22.202000,2327.95,2327.95
2016-10-14 09:24:22.651000,1465.0,1465.0
2016-10-14 09:24:23.103000,648.45,648.45
2016-10-14 09:25:23.506000,2333.5,2328.726195
2016-10-14 09:25:24.284000,1465.0,1464.8535000000002
2016-10-14 09:25:25.099000,648.95,648.4760550000001
2016-10-14 09:26:25.842000,2335.05,2329.6429901295005
2016-10-14 09:26:28.410000,1465.0,1464.7336483500003
2016-10-14 09:26:28.856000,648.95,648.4973705955001
2016-10-14 09:27:29.373000,2343.65,2331.9565002249446
2016-10-14 09:27:29.824000,1465.0,1464.6355977151352
2016-10-14 09:27:30.608000,648.95,648.5148088841787
2016-10-14 09:28:31.065000,2341.0,2333.367412834027
2016-10-14 09:28:31.406000,1465.0,1464.5553824907522
2016-10-14 09:28:32.071000,648.95,648.5290751481466
2016-10-14 09:29:32.417000,2340.75,2334.4762304395176
2016-10-14 09:29:34.522000,1465.0,1464.4897584156845
2016-10-14 09:29:34.971000,648.95,648.5407463786987
2016-10-14 09:30:36.254000,2338.0,2334.8834041225696
2016-10-14 09:30:36.937000,1470.0,1465.3450713598713
2016-10-14 09:30:37.514000,648.95,648.5502946124135
2016-10-14 09:31:37.923000,2339.0,2335.3983129126746
2016-10-14 09:31:38.267000,1471.05,1466.2356928795107
2016-10-14 09:31:38.715000,648.95,648.5581060224155
2016-10-14 09:32:39.272000,2337.9,2335.619579793859
2016-10-14 09:32:39.720000,1465.0,1465.8644203447277
2016-10-14 09:32:40.165000,648.25,648.4372365369381
2016-10-14 09:33:40.689000,2348.0,2337.636778229356
2016-10-14 09:33:41.144000,1467.0,1465.924282284022
2016-10-14 09:33:42.081000,647.0,648.1111032108691
2016-10-14 09:34:42.402000,2352.1,2340.0324282694364
2016-10-14 09:34:42.867000,1467.5,1466.0641553365585
2016-10-14 09:34:43.316000,647.0,647.8442935368121
2016-10-14 09:35:43.724000,2362.0,2343.792129567226
2016-10-14 09:35:44.101000,1465.55,1465.8240754808385
2016-10-14 09:35:44.786000,647.25,647.671466542466
2016-10-14 09:36:45.175000,2376.0,2349.4131411989474
2016-10-14 09:36:45.888000,1462.5,1465.073176150874
2016-10-14 09:36:46.447000,648.0,647.6664267783915
2016-10-14 09:37:46.981000,2383.7,2355.411550814859
2016-10-14 09:37:47.355000,1466.85,1465.2496954090298
2016-10-14 09:37:50.118000,649.0,647.8441037474021
2016-10-14 09:38:53.512000,2374.8,2358.700829721636
2016-10-14 09:38:55.094000,1464.0,1464.8759758141273
2016-10-14 09:38:55.894000,648.0,647.8076612757498
2016-10-14 09:39:56.266000,2375.0,2361.4281487952708
2016-10-14 09:39:56.653000,1465.6,1464.8611158135375
2016-10-14 09:39:57.194000,648.45,647.8596576896908
2016-10-14 09:40:57.589000,2375.0,2363.659368529411
2016-10-14 09:40:57.964000,1466.0,1464.921678847055
2016-10-14 09:40:58.462000,649.0,648.002185955936
2016-10-14 09:41:58.896000,2380.3,2366.4482693939112
2016-10-14 09:41:59.270000,1465.05,1464.7985154647758
2016-10-14 09:42:00.055000,647.0,647.7551883305513
2016-10-14 09:43:00.599000,2376.2,2367.984489191159
2016-10-14 09:43:01.237000,1463.95,1464.497775501733
2016-10-14 09:43:01.658000,647.95,647.725829573224
2016-10-14 09:44:02.106000,2379.0,2369.7503106072872
2016-10-14 09:44:02.622000,1464.65,1464.379000137968
2016-10-14 09:44:03.624000,647.95,647.7018111738546
2016-10-14 09:45:04.103000,2380.15,2371.4039991078216
2016-10-14 09:45:04.603000,1464.4,1464.2363800128717
2016-10-14 09:45:05.370000,649.0,647.8730517213305
2016-10-14 09:46:05.942000,2368.7,2370.675271670109
2016-10-14 09:46:06.352000,1467.0,1464.5923824885303
2016-10-14 09:46:07.122000,649.5,648.1040436132206
2016-10-14 09:47:08.099000,2365.0,2369.406439753316
2016-10-14 09:47:08.552000,1467.0,1464.883628113867
2016-10-14 09:47:09.342000,649.95,648.3748280799757
2016-10-14 09:48:10.539000,2360.4,2367.532128362188
2016-10-14 09:48:10.999000,1466.1,1464.9582761599545
2016-10-14 09:48:11.439000,649.95,648.5963568522282
2016-10-14 09:49:11.995000,2358.2,2365.598794213106
2016-10-14 09:49:12.355000,1464.1,1464.6557457264587
2016-10-14 09:49:12.805000,645.25,647.923129540808
2016-10-14 09:50:13.810000,2358.0,2363.980773545742
2016-10-14 09:50:14.250000,1464.35,1464.453695578816
2016-10-14 09:50:15.130000,647.0,647.690512277335
2016-10-14 09:51:15.569000,2352.3,2361.6208108377714
2016-10-14 09:51:16.009000,1460.0,1463.4975683530292
2016-10-14 09:51:16.369000,647.5,647.5911080940878
2016-10-14 09:52:16.789000,2342.0,2357.817585346381
2016-10-14 09:52:17.229000,1460.0,1462.7153606696133
2016-10-14 09:52:17.669000,644.0,646.8734855317732
2016-10-14 09:53:19.336000,2341.35,2354.587996571874
2016-10-14 09:53:19.696000,1459.0,1461.8936365638108
2016-10-14 09:53:20.056000,641.0,645.7409985135438
2016-10-14 09:54:25.339000,2325.9,2349.1370599954503
2016-10-14 09:54:25.789000,1456.75,1460.8123340728537
2016-10-14 09:54:26.339000,641.0,644.8145108839302
2016-10-14 09:55:26.769000,2331.8,2345.750268782278
2016-10-14 09:55:27.249000,1458.7,1460.2822305050015
2016-10-14 09:55:27.579000,641.1,644.0747313541433
2016-10-14 09:56:37.329000,2336.4,2343.815814890782
2016-10-14 09:56:37.669000,1459.45,1459.9849027761418
2016-10-14 09:56:38.679000,640.0,643.2695377208246
2016-10-14 09:57:39.260000,2339.95,2342.8786281621487
2016-10-14 09:57:39.710000,1457.4,1459.3689689611617
2016-10-14 09:57:40.070000,640.7,642.7380688094066
2016-10-14 09:58:40.608000,2336.9,2341.557425699454
2016-10-14 09:58:40.939000,1457.75,1458.9287035071263
2016-10-14 09:58:41.602000,640.8,642.3214540929756
2016-10-14 09:59:42.533000,2346.3,2342.1854699647233
2016-10-14 09:59:43.105000,1458.5,1458.70487233918
2016-10-14 09:59:44.007000,642.0,642.1987815934634
2016-10-14 10:00:44.448000,2359.8,2345.1535729781403
2016-10-14 10:00:45.113000,1460.0,1458.7944560606834
2016-10-14 10:00:45.791000,641.95,642.0893332216125
2016-10-14 10:01:46.337000,2354.0,2346.5273380534168
2016-10-14 10:01:46.723000,1460.0,1458.867744503245
2016-10-14 10:01:47.296000,640.0,641.6452835086012
2016-10-14 10:02:48.053000,2346.7,2346.3240752615
2016-10-14 10:02:48.408000,1460.0,1458.9277017781046
2016-10-14 10:02:48.855000,641.75,641.6001564383868
2016-10-14 10:03:50.825000,2348.0,2346.3941259714334
2016-10-14 10:03:51.392000,1459.6,1458.9040328246674
2016-10-14 10:03:51.832000,641.75,641.5632379822442
2016-10-14 10:04:52.213000,2346.9,2346.2514544572296
2016-10-14 10:04:52.655000,1458.6,1458.7028692538604
2016-10-14 10:04:53.105000,641.0,641.3966849932741
2016-10-14 10:05:54.228000,2343.05,2345.43480489146
2016-10-14 10:05:54.594000,1460.0,1458.792817336583
2016-10-14 10:05:55.366000,640.25,641.1240779929976
2016-10-14 10:06:55.801000,2347.55,2345.5848038817035
2016-10-14 10:06:57.698000,1460.0,1458.8664038630586
2016-10-14 10:06:58.041000,641.7,641.1646682060714
2016-10-14 10:07:58.410000,2342.4,2344.7712480556215
2016-10-14 10:07:58.757000,1460.95,1459.0993150003683
2016-10-14 10:07:59.430000,641.7,641.197875059387
2016-10-14 10:09:00.148000,2342.8,2344.1783980343043
2016-10-14 10:09:00.602000,1461.0,1459.2989496018013
2016-10-14 10:09:01.060000,642.15,641.3068515860846
2016-10-14 10:10:01.487000,2333.25,2341.9571974318646
2016-10-14 10:10:02.602000,1460.45,1459.3622806692338
2016-10-14 10:10:03.052000,643.75,641.6868852825758
2016-10-14 10:11:03.405000,2336.55,2340.739973219009
2016-10-14 10:11:03.879000,1461.0,1459.5140818155003
2016-10-14 10:11:04.713000,642.4,641.7523608496753
2016-10-14 10:12:05.156000,2336.95,2339.816882090471
2016-10-14 10:12:05.828000,1461.0,1459.6382703332608
2016-10-14 10:12:06.168000,641.1,641.5695864111193
2016-10-14 10:13:06.815000,2337.6,2339.1798712382147
2016-10-14 10:13:08.699000,1462.45,1460.0034789596407
2016-10-14 10:13:09.073000,642.0,641.5836786429368
2016-10-14 10:14:09.506000,2341.0,2339.2768526599834
2016-10-14 10:14:09.865000,1462.0,1460.2204461368822
2016-10-14 10:14:10.458000,641.35,641.4770374977867
2016-10-14 10:15:11.009000,2336.0,2338.4471931611324
2016-10-14 10:15:11.898000,1462.25,1460.4433969845832
2016-10-14 10:15:12.618000,642.5,641.5988643769393
2016-10-14 10:16:13.219000,2340.35,2338.5592787251226
2016-10-14 10:16:13.702000,1462.5,1460.6712430730875
2016-10-14 10:16:14.162000,641.35,641.4894609467741
2016-10-14 10:17:14.670000,2337.95,2338.2146559250227
2016-10-14 10:17:15.110000,1463.65,1461.066713958093
2016-10-14 10:17:15.717000,642.0,641.518128000556
2016-10-14 10:18:16.295000,2338.4,2338.0145300122613
2016-10-14 10:18:17.090000,1463.0,1461.272078689116
2016-10-14 10:18:18.087000,642.0,641.5415805172548
2016-10-14 10:19:18.476000,2339.8,2338.105327003031
2016-10-14 10:19:19.148000,1462.35,1461.3219175755657
2016-10-14 10:19:19.698000,642.0,641.5607670211662
2016-10-14 10:20:20.242000,2340.2,2338.25232802118
2016-10-14 10:20:21.822000,1462.3,1461.3536007685702
2016-10-14 10:20:22.406000,642.0,641.5764635000161
2016-10-14 10:21:22.932000,2341.85,2338.6725595541275
2016-10-14 10:21:23.387000,1463.3,1461.5613207887673
2016-10-14 10:21:23.859000,642.0,641.5893047893632
2016-10-14 10:22:24.799000,2340.35,2338.743650971232
2016-10-14 10:22:26.362000,1464.4,1461.9312365372907
2016-10-14 10:22:26.692000,642.1,641.6179902481781
2016-10-14 10:23:27.348000,2340.75,2338.874530859565
2016-10-14 10:23:27.714000,1463.05,1461.9884346111576
2016-10-14 10:23:28.501000,643.0,641.8050778220345
2016-10-14 10:24:28.911000,2343.5,2339.48155369621
2016-10-14 10:24:29.316000,1464.0,1462.207938355388
2016-10-14 10:24:30.022000,642.65,641.8945041662064
2016-10-14 10:25:30.771000,2348.4,2340.8689790788694
2016-10-14 10:25:31.167000,1464.0,1462.387514368543
2016-10-14 10:25:31.553000,642.05,641.8585838583734
2016-10-14 10:26:32.007000,2346.0,2341.5677117844234
2016-10-14 10:26:32.753000,1464.5,1462.625325504905
2016-10-14 10:26:33.252000,642.0,641.8201074545353
2016-10-14 10:27:33.668000,2345.0,2341.957545010837
2016-10-14 10:27:34.148000,1464.55,1462.828968795563
2016-10-14 10:27:34.940000,642.1,641.8068099085555
2016-10-14 10:28:35.527000,2348.5,2342.9127675733657
2016-10-14 10:28:35.990000,1463.2,1462.75013937165
2016-10-14 10:28:36.451000,643.0,641.9595511861892
2016-10-14 10:29:37.061000,2347.55,2343.5215251517707
2016-10-14 10:29:37.438000,1460.05,1462.1129790199468
2016-10-14 10:29:37.902000,643.2,642.1208688254214
2016-10-14 10:30:38.372000,2350.0,2344.4649597266634
2016-10-14 10:30:38.887000,1460.45,1461.6644381362187
2016-10-14 10:30:39.326000,644.75,642.5346327860773
2016-10-14 10:31:39.864000,2348.85,2345.0277135523834
2016-10-14 10:31:40.334000,1461.0,1461.3974768392404
2016-10-14 10:31:40.807000,644.9,642.9004030822898
2016-10-14 10:32:41.594000,2349.3,2345.5699124572047
2016-10-14 10:32:42.095000,1458.6,1460.7427558021825
2016-10-14 10:32:42.485000,644.9,643.1996397616213
2016-10-14 10:33:43.003000,2349.65,2346.0771153812393
2016-10-14 10:33:43.461000,1458.7,1460.2253085217656
2016-10-14 10:33:43.838000,643.35,643.1626552889825
2016-10-14 10:34:44.555000,2344.0,2345.464888093392
2016-10-14 10:34:45.107000,1457.05,1459.5020149016564
2016-10-14 10:34:45.857000,643.8,643.2142082919165
2016-10-14 10:35:46.365000,2341.2,2344.454984949204
2016-10-14 10:35:47.063000,1454.0,1458.355798391045
2016-10-14 10:35:47.615000,643.8,643.2563838036169
2016-10-14 10:36:55.302000,2340.4,2343.4833431869442
2016-10-14 10:36:55.723000,1455.45,1457.6816886637139
2016-10-14 10:36:56.109000,644.25,643.372697589739
2016-10-14 10:37:56.566000,2338.7,2342.379383061239
2016-10-14 10:37:57.314000,1454.55,1456.9665794957846
2016-10-14 10:37:58.061000,642.6,643.1678838981654
2016-10-14 10:38:58.573000,2340.35,2341.7762032824
2016-10-14 10:39:00.441000,1455.5,1456.5542586855013
2016-10-14 10:39:01.225000,643.0,643.0730458170891
2016-10-14 10:40:01.654000,2344.0,2341.946311905331
2016-10-14 10:40:03.076000,1455.8,1456.2714790306086
2016-10-14 10:40:03.478000,643.55,643.0954487829606
2016-10-14 10:41:04.955000,2341.7,2341.6673377697516
2016-10-14 10:41:05.379000,1457.8,1456.4037369949408
2016-10-14 10:41:06.200000,643.25,643.0592366493402
2016-10-14 10:42:06.595000,2341.0,2341.3118490294337
2016-10-14 10:42:07.017000,1457.85,1456.5210272355612
2016-10-14 10:42:08.032000,643.0,642.9841615028251
2016-10-14 10:43:08.514000,2341.5,2341.11192369098
2016-10-14 10:43:09.428000,1458.95,1456.8169623814126
2016-10-14 10:43:09.761000,643.85,643.0772725254612
2016-10-14 10:44:10.375000,2342.0,2341.0392647715908
2016-10-14 10:44:10.756000,1459.3,1457.1226969242337
2016-10-14 10:44:11.303000,643.7,643.1261766530799
2016-10-14 10:45:12.388000,2342.0,2340.979822509639
2016-10-14 10:45:12.930000,1458.8,1457.2819183537156
2016-10-14 10:45:13.928000,643.7,643.1661851198847
2016-10-14 10:46:14.425000,2348.25,2342.0674427951353
2016-10-14 10:46:15.325000,1458.8,1457.4121774051748
2016-10-14 10:46:15.840000,643.7,643.1989160465778
2016-10-14 10:47:16.204000,2344.2,2342.2209349507
2016-10-14 10:47:16.765000,1459.25,1457.6005523351737
2016-10-14 10:47:17.533000,644.95,643.4529432177053
2016-10-14 10:48:18.134000,2345.0,2342.491946883168
2016-10-14 10:48:18.916000,1459.45,1457.7910218654056
2016-10-14 10:48:19.306000,643.5,643.3971528464048
2016-10-14 10:49:20.001000,2345.8,2342.85910174512
2016-10-14 10:49:20.891000,1458.1,1457.7014149880883
2016-10-14 10:49:21.346000,643.0,643.2606107436437
2016-10-14 10:50:21.866000,2341.0,2342.286831137683
2016-10-14 10:50:22.323000,1459.6,1457.900807601755
2016-10-14 10:50:23.060000,643.0,643.1489056493749
2016-10-14 10:51:24.081000,2342.6,2342.1095365537385
2016-10-14 10:51:24.502000,1458.5,1457.8639506989957
2016-10-14 10:51:25.388000,643.0,643.0575197117536
2016-10-14 10:52:25.833000,2344.25,2342.2644618546137
2016-10-14 10:52:26.207000,1458.9,1457.9065180668485
2016-10-14 10:52:26.585000,643.0,642.9827568761856
2016-10-14 10:53:27.285000,2343.25,2342.2094062432598
2016-10-14 10:53:27.660000,1458.9,1457.941342430489
2016-10-14 10:53:28.143000,642.9,642.9034134004075
2016-10-14 10:54:28.705000,2342.95,2342.109825247611
2016-10-14 10:54:29.222000,1459.75,1458.124362242383
2016-10-14 10:54:30.007000,642.9,642.8385025028734
2016-10-14 10:55:30.423000,2345.0,2342.4010480350707
2016-10-14 10:55:30.798000,1459.8,1458.2831807504938
2016-10-14 10:55:31.923000,643.3,642.8581188976007
2016-10-14 10:56:32.314000,2344.25,2342.5029473974914
2016-10-14 10:56:32.822000,1459.8,1458.413110171979
2016-10-14 10:56:33.237000,643.3,642.8741670701272
2016-10-14 10:57:33.750000,2343.25,2342.404511265888
2016-10-14 10:57:34.159000,1459.2,1458.410325431696
2016-10-14 10:57:34.545000,643.0,642.832756080071
2016-10-14 10:58:35.093000,2342.05,2342.105820666623
2016-10-14 10:58:35.483000,1460.0,1458.5534872356707
2016-10-14 10:58:36.125000,643.45,642.8806877491061
2016-10-14 10:59:36.846000,2342.45,2341.9341818873645
2016-10-14 10:59:37.409000,1460.9,1458.8342279075023
2016-10-14 10:59:37.830000,643.0,642.8380906475437
2016-10-14 11:00:38.298000,2341.7,2341.657414202053
2016-10-14 11:00:38.720000,1460.9,1459.0639018511276
2016-10-14 11:00:39.094000,643.0,642.8032419587555
2016-10-14 11:01:39.472000,2342.0,2341.4855305587
2016-10-14 11:01:41.367000,1460.0,1459.0881781044077
2016-10-14 11:01:41.969000,643.0,642.7747322464579
2016-10-14 11:02:42.423000,2341.85,2341.3176425500724
2016-10-14 11:02:42.828000,1460.0,1459.108038507216
2016-10-14 11:02:43.600000,643.0,642.7514084508272
2016-10-14 11:03:44.005000,2341.8,2341.1712033702142
2016-10-14 11:03:44.395000,1461.0,1459.3060863027533
2016-10-14 11:03:45.156000,643.0,642.7323272536216
2016-10-14 11:04:45.625000,2338.1,2340.3787414771723
2016-10-14 11:04:46.156000,1461.0,1459.4681092042824
2016-10-14 11:04:46.795000,643.15,642.7439869261879
2016-10-14 11:05:47.214000,2340.3,2340.1303884024746
2016-10-14 11:05:47.826000,1461.0,1459.6006601400234
2016-10-14 11:05:48.406000,643.05,642.7353457043142
2016-10-14 11:06:48.917000,2340.3,2339.9272107520646
2016-10-14 11:06:49.406000,1460.95,1459.700010060553
2016-10-14 11:06:49.924000,643.05,642.7282763206995
2016-10-14 11:07:50.440000,2341.6,2339.997331116264
2016-10-14 11:07:50.818000,1460.0,1459.6085782305386
2016-10-14 11:07:51.527000,643.0,642.7134028579642
2016-10-14 11:08:51.971000,2341.0,2339.9456165862157
2016-10-14 11:08:52.363000,1459.3,1459.4065178504036
2016-10-14 11:08:53.023000,643.0,642.7012348781004
2016-10-14 11:09:53.415000,2341.0,2339.9033089291834
2016-10-14 11:09:53.790000,1459.05,1459.1957622534153
2016-10-14 11:09:54.180000,643.0,642.6912802537739
2016-10-14 11:10:54.576000,2340.35,2339.750527034965
2016-10-14 11:10:56.218000,1459.0,1459.0142530995192
2016-10-14 11:10:56.654000,643.45,642.7649463756125
2016-10-14 11:11:57.069000,2342.0,2339.9255061673052
2016-10-14 11:11:57.713000,1458.95,1458.8566704607167
2016-10-14 11:11:58.477000,643.5,642.8343026298886
2016-10-14 11:12:59.630000,2341.95,2340.0595665954725
2016-10-14 11:13:04.703000,1459.0,1458.7368421039125
2016-10-14 11:13:05.406000,643.5,642.8910429815119
2016-10-14 11:14:05.780000,2342.35,2340.241961431756
2016-10-14 11:14:06.172000,1459.0,1458.638810525211
2016-10-14 11:14:06.751000,643.5,642.9374622631749
2016-10-14 11:15:07.155000,2342.35,2340.3911786473195
2016-10-14 11:15:07.909000,1459.0,1458.5586108906753
2016-10-14 11:15:08.527000,643.5,642.9754378775034
2016-10-14 11:16:09.061000,2341.0,2340.267823251372
2016-10-14 11:16:09.622000,1459.0,1458.4929995696616
2016-10-14 11:16:10.138000,643.5,643.0065057275856
2016-10-14 11:17:10.573000,2342.15,2340.3759762019477
2016-10-14 11:17:11.261000,1459.0,1458.4393229479404
2016-10-14 11:17:11.736000,643.5,643.0319223357378
2016-10-14 11:18:13.459000,2342.3,2340.4917261308137
2016-10-14 11:18:13.915000,1459.0,1458.3954101037102
2016-10-14 11:18:14.747000,643.5,643.0527156628672
2016-10-14 11:19:15.201000,2342.0,2340.531881147619
2016-10-14 11:19:15.591000,1458.5,1458.2685850058456
2016-10-14 11:19:18.261000,643.5,643.0697266837916
2016-10-14 11:20:18.796000,2341.85,2340.5374619668673
2016-10-14 11:20:19.146000,1459.0,1458.2557293932823
2016-10-14 11:20:19.621000,645.55,643.45633340001
2016-10-14 11:21:20.028000,2341.95,2340.5602076350942
2016-10-14 11:21:20.481000,1459.0,1458.2452122166444
2016-10-14 11:21:21.080000,645.55,643.7726163545482
2016-10-14 11:22:21.487000,2341.95,2340.578815866271
2016-10-14 11:22:21.844000,1459.0,1458.2366081144369
2016-10-14 11:22:22.303000,646.5,644.2040774396559
2016-10-14 11:23:22.717000,2341.2,2340.4576892601963
2016-10-14 11:23:23.095000,1459.95,1458.4022790984209
2016-10-14 11:23:23.566000,646.35,644.5297857533825
2016-10-14 11:24:23.986000,2342.0,2340.504035583767
2016-10-14 11:24:24.353000,1460.0,1458.546904530418
2016-10-14 11:24:25.074000,647.25,644.9598677248422
2016-10-14 11:25:25.516000,2342.0,2340.54195151108
2016-10-14 11:25:25.973000,1460.0,1458.6652225963348
2016-10-14 11:25:26.449000,648.0,645.4480677856934
2016-10-14 11:26:26.937000,2344.0,2340.9365705312143
2016-10-14 11:26:28.606000,1460.0,1458.7620186060617
2016-10-14 11:26:28.996000,650.0,646.2110642554758
2016-10-14 11:27:29.540000,2342.75,2341.0321583515865
2016-10-14 11:27:29.961000,1459.25,1458.7048574216192
2016-10-14 11:27:30.601000,650.0,646.8352716674048
2016-10-14 11:28:31.004000,2342.4,2341.046728747433
2016-10-14 11:28:31.394000,1460.0,1458.794443856627
2016-10-14 11:28:31.924000,650.5,647.4368357511039
2016-10-14 11:29:32.343000,2342.1,2341.004108788275
2016-10-14 11:29:32.780000,1459.75,1458.8222845191067
2016-10-14 11:29:33.404000,649.75,647.7926253279782
2016-10-14 11:30:34.306000,2342.3,2341.005601399688
2016-10-14 11:30:34.821000,1461.0,1459.0723109650812
2016-10-14 11:30:36.007000,648.45,647.8473567808189
2016-10-14 11:31:36.395000,2342.35,2341.015912505085
2016-10-14 11:31:36.769000,1459.6,1459.022337600533
2016-10-14 11:31:37.409000,649.1,648.010302582388
2016-10-14 11:32:39.139000,2343.2,2341.17887802041
2016-10-14 11:32:39.859000,1459.6,1458.981454390996
2016-10-14 11:32:40.405000,649.2,648.1617885426517
2016-10-14 11:33:40.954000,2344.15,2341.484910108498
2016-10-14 11:33:41.446000,1460.0,1459.020727837274
2016-10-14 11:33:42.126000,650.0,648.4311592067434
2016-10-14 11:34:42.598000,2344.4,2341.780724959762
2016-10-14 11:34:42.968000,1461.0,1459.234657443674
2016-10-14 11:34:43.308000,649.5,648.5606313470369
2016-10-14 11:35:43.830000,2342.1,2341.604591089582
2016-10-14 11:35:44.177000,1461.7,1459.5369332546697
2016-10-14 11:35:44.507000,649.5,648.6665525050109
2016-10-14 11:36:44.921000,2343.0,2341.624115970387
2016-10-14 11:36:45.693000,1461.9,1459.8205850956454
2016-10-14 11:36:46.065000,650.6,648.9531866043495
2016-10-14 11:37:46.643000,2343.0,2341.6400892753736
2016-10-14 11:37:47.005000,1461.9,1460.0526406667475
2016-10-14 11:37:47.679000,652.5,649.5331019610184
2016-10-14 11:38:48.075000,2341.0,2341.2895570361834
2016-10-14 11:38:48.427000,1461.9,1460.2424853294663
2016-10-14 11:38:48.981000,652.5,650.0075307143092
2016-10-14 11:39:49.316000,2340.45,2340.9027966113017
2016-10-14 11:39:49.764000,1461.0,1460.2341772480363
2016-10-14 11:39:50.323000,653.3,650.5411008773764
2016-10-14 11:40:52.019000,2342.4,2340.940897907706
2016-10-14 11:40:52.406000,1461.0,1460.2273804066185
2016-10-14 11:40:56.503000,653.1,650.9412546277816
2016-10-14 11:41:56.854000,2344.9,2341.4265685782943
2016-10-14 11:41:57.223000,1461.0,1460.2218199106546
2016-10-14 11:41:58.712000,651.0,650.8868404109882
2016-10-14 11:42:59.170000,2344.75,2341.796625753903
2016-10-14 11:43:00.290000,1461.0,1460.2172708689066
2016-10-14 11:44:00.706000,2343.3,2341.835759529268
2016-10-14 11:44:01.278000,1461.0,1460.2135492978525
2016-10-14 11:45:01.704000,2343.3,2341.867774870894
2016-10-14 11:45:02.376000,1461.0,1460.2105046805732
2016-10-14 11:46:02.750000,2343.3,2341.8939666218785
2016-10-14 11:46:03.194000,1462.0,1460.389813879177
2016-10-14 11:47:03.649000,2344.85,2342.197184093359
2016-10-14 11:47:04.107000,1461.5,1460.4456067345545
2016-10-14 11:48:04.422000,2343.4,2342.181636306777
2016-10-14 11:48:04.767000,1461.4,1460.4730708695392
2016-10-14 11:49:05.173000,2343.35,2342.1598266625742
2016-10-14 11:49:05.503000,1461.4,1460.4955392783702
2016-10-14 11:50:05.920000,2343.0,2342.078354192652
2016-10-14 11:50:07.027000,1461.6,1460.5502806836346
2016-10-14 11:51:07.523000,2344.75,2342.3298515650085
2016-10-14 11:51:07.893000,1461.0,1460.4859846272814
2016-10-14 11:52:08.305000,2344.0,2342.3992515653335
2016-10-14 11:52:08.640000,1461.7,1460.5606440235788
2016-10-14 11:53:09.049000,2343.5,2342.3651277055997
2016-10-14 11:53:10.391000,1461.7,1460.6217228756898
2016-10-14 11:54:10.795000,2340.15,2341.728180975951
2016-10-14 11:54:11.474000,1462.0,1460.7262314846018
2016-10-14 11:55:11.889000,2341.9,2341.5252448564256
2016-10-14 11:55:12.226000,1462.0,1460.811729977553
2016-10-14 11:56:12.971000,2341.95,2341.368312817042
2016-10-14 11:56:14.089000,1460.95,1460.690786294636
2016-10-14 11:57:14.440000,2341.5,2341.158116715622
2016-10-14 11:57:14.925000,1460.95,1460.5918422676416
2016-10-14 11:58:16.140000,2342.0,2341.0770552850504
2016-10-14 11:58:16.514000,1460.95,1460.5108961591577
2016-10-14 11:59:16.908000,2341.6,2340.9380189287
2016-10-14 11:59:20.210000,1460.95,1460.4446741478068
2016-10-14 12:00:22.166000,2341.95,2340.8879032855693
2016-10-14 12:00:22.528000,1461.5,1460.490487920321
2016-10-14 12:01:23.034000,2340.5,2340.5832936779243
2016-10-14 12:01:23.384000,1461.5,1460.5279681676147
2016-10-14 12:02:23.906000,2340.5,2340.33409255791
2016-10-14 12:02:24.420000,1462.4,1460.7222507579258
2016-10-14 12:03:24.824000,2340.65,2340.157491121626
2016-10-14 12:03:25.229000,1461.85,1460.781203345059
2016-10-14 12:04:26.023000,2341.0,2340.0766434866023
2016-10-14 12:04:26.428000,1461.85,1460.829432456593
2016-10-14 12:05:26.847000,2341.95,2340.1832120363897
2016-10-14 12:05:27.502000,1461.6,1460.8234386927386
2016-10-14 12:06:28.171000,2340.55,2340.0158757669706
2016-10-14 12:06:28.670000,1461.6,1460.8185351945294
2016-10-14 12:07:30.009000,2340.6,2339.8880679649587
2016-10-14 12:07:30.384000,1461.0,1460.7054436426445
2016-10-14 12:08:31.161000,2341.35,2339.919858402133
2016-10-14 12:08:31.692000,1461.55,1460.7129134440474
2016-10-14 12:09:35.293000,2340.7,2339.827696158785
2016-10-14 12:09:35.714000,1461.55,1460.719024488575
2016-10-14 12:10:36.133000,2340.9,2339.788658227502
2016-10-14 12:10:36.820000,1461.5,1460.7149339341036
2016-10-14 12:11:37.519000,2341.65,2339.8930712959195
2016-10-14 12:11:38.533000,1461.5,1460.7115874514902
2016-10-14 12:12:39.093000,2342.35,2340.1057516271917
2016-10-14 12:12:39.514000,1463.0,1460.9815496940641
2016-10-14 12:13:40.682000,2345.2,2340.7978754062055
2016-10-14 12:13:41.118000,1463.25,1461.247855804714
2016-10-14 12:14:41.896000,2342.9,2340.9459618698165
2016-10-14 12:14:42.707000,1463.25,1461.4657208338365
2016-10-14 12:15:43.111000,2343.0,2341.085291405697
2016-10-14 12:15:43.516000,1463.8,1461.7439462141615
2016-10-14 12:16:44.091000,2342.45,2341.0992868990006
2016-10-14 12:16:44.512000,1462.45,1461.7261323978055
2016-10-14 12:17:45.056000,2344.0,2341.3925266120723
2016-10-14 12:17:45.586000,1461.75,1461.5842989146447
2016-10-14 12:18:46.754000,2342.2,2341.3051860213363
2016-10-14 12:18:47.160000,1462.5,1461.6046149420708
2016-10-14 12:19:51.089000,2343.6,2341.4882526840556
2016-10-14 12:19:51.494000,1462.25,1461.575785484108
2016-10-14 12:20:52.007000,2342.25,2341.392589520826
2016-10-14 12:20:52.927000,1463.2,1461.7249101045488
